judul,link,desc,tanggal,kategori,keyword
Pemerintah Siapkan Rp 217 T buat Makan Bergizi Gratis Tahun Depan,https://finance.detik.com/berita-ekonomi-bisnis/d-7934715/pemerintah-siapkan-rp-217-t-buat-makan-bergizi-gratis-tahun-depan,"Badan Gizi Nasional menargetkan 82,9 juta penerima Makan Bergizi Gratis (MBG) dengan 30.000 Satuan Pelayanan Pemenuhan Gizi (SPPG) pada 2025.",3 jam yang lalu,detikFinance,makan bergizi gratis
"Sisa Makanan dari Program Makan Bergizi Gratis Capai 1,4 Juta Ton",https://finance.detik.com/berita-ekonomi-bisnis/d-7934797/sisa-makanan-dari-program-makan-bergizi-gratis-capai-1-4-juta-ton,"Bapanas mengungkap potensi ekonomi dari sisa makanan Program Makan Bergizi Gratis, mencapai 1,4 juta ton per tahun, untuk pakan, kompos, dan donasi.",3 jam yang lalu,detikFinance,makan bergizi gratis
Kemenkeu Lapor Realisasi Anggaran Makan Bergizi Gratis Capai Rp 3 T,https://finance.detik.com/berita-ekonomi-bisnis/d-7929006/kemenkeu-lapor-realisasi-anggaran-makan-bergizi-gratis-capai-rp-3-t,Kementerian Keuangan (Kemenkeu) melaporkan realisasi anggaran program Makan Bergizi Gratis (MBG) hingga 21 Mei 2025 mencapai Rp 3 triliun.,"Jumat, 23 Mei  2025 16:39 WIB",detikFinance,makan bergizi gratis
Video: BGN Bantah Isu Raffi Ahmad Dapat Proyek 300 Dapur MBG di Banten,https://20.detik.com/detikupdate/20250522-250522125/video-bgn-bantah-isu-raffi-ahmad-dapat-proyek-300-dapur-mbg-di-banten,,"Kamis, 22 Mei  2025 17:03 WIB",20Detik,makan bergizi gratis
Upaya Pemkab Gianyar Sukseskan Program Makan Bergizi Gratis di Sekolah,https://www.detik.com/bali/berita/d-7926942/upaya-pemkab-gianyar-sukseskan-program-makan-bergizi-gratis-di-sekolah,"Pemkab Gianyar menunjukkan komitmennya dalam mendukung program pemerintah pusat, khususnya program Makan Bergizi Gratis (MBG).","Kamis, 22 Mei  2025 15:35 WIB",detikBali,makan bergizi gratis
"BGN Kejar Target 82,9 Juta Penerima MBG: 14.000 Mitra Calon Sedang Diverifikasi",https://news.detik.com/berita/d-7934291/bgn-kejar-target-82-9-juta-penerima-mbg-14-000-mitra-calon-sedang-diverifikasi,"Kepala BGN Dadan Hindayana mengatakan target penerima manfaat MBG mencapai 82,9 juta pada 2025 akan tercapai apabila proses verifikasi SPPG berjalan lancar.",14 jam yang lalu,detikNews,makan bergizi gratis
BGN Ungkap 2 Penyebab Utama Kasus Keracunan Makan Bergizi Gratis,https://www.detik.com/jogja/berita/d-7923052/bgn-ungkap-2-penyebab-utama-kasus-keracunan-makan-bergizi-gratis,Badan Gizi Nasional (BGN) mengungkap ada dua penyebab utama keracunan pangan terkait makan bergizi gratis (MBG). Apa itu?,"Selasa, 20 Mei  2025 14:47 WIB",detikJogja,makan bergizi gratis
Potret Prabowo dan Bill Gates Tinjau Makan Bergizi Gratis di Jaktim,https://news.detik.com/foto-news/d-7903476/potret-prabowo-dan-bill-gates-tinjau-makan-bergizi-gratis-di-jaktim,,"Rabu, 07 Mei  2025 12:30 WIB",Foto News,makan bergizi gratis
"Program Makan Bergizi Gratis Dimulai di Bangli, Sasar 1.302 Siswa",https://www.detik.com/bali/berita/d-7922086/program-makan-bergizi-gratis-dimulai-di-bangli-sasar-1-302-siswa,"Program Makan Bergizi Gratis (MBG) diluncurkan di Tembuku, Bangli, untuk 1.302 anak. Program ini bertujuan memenuhi kebutuhan gizi generasi muda.","Selasa, 20 Mei  2025 04:30 WIB",detikBali,makan bergizi gratis
"Program Makan Bergizi Gratis di Ponorogo Sempat Terhenti, Kenapa?",https://www.detik.com/jatim/berita/d-7921170/program-makan-bergizi-gratis-di-ponorogo-sempat-terhenti-kenapa,Program Makan Bergizi Gratis (MBG) di Ponorogo terhenti sementara untuk penyesuaian administrasi. Dandim menjelaskan perubahan mekanisme pencairan dana.,"Senin, 19 Mei  2025 14:45 WIB",detikJatim,makan bergizi gratis
1.844 Siswa di Buleleng Terima Makan Bergizi Gratis Tahap Pertama,https://www.detik.com/bali/berita/d-7920877/1-844-siswa-di-buleleng-terima-makan-bergizi-gratis-tahap-pertama,"Program Makan Bergizi Gratis (MBG) diluncurkan di Buleleng, Bali, untuk 1.844 siswa. Diharapkan meningkatkan kualitas gizi anak-anak hingga 30 Mei 2025.","Senin, 19 Mei  2025 12:01 WIB",detikBali,makan bergizi gratis
Sulsel Ajukan 91 Titik Lahan SPPG demi Dukung Program Makan Bergizi Gratis,https://www.detik.com/sulsel/sulsel-ewako/d-7926218/sulsel-ajukan-91-titik-lahan-sppg-demi-dukung-program-makan-bergizi-gratis,"Pemprov Sulsel ajukan 92 titik lahan untuk SPPG, melebihi target pemerintah pusat. Program Makan Bergizi Gratis bertujuan tingkatkan gizi anak sekolah.","Kamis, 22 Mei  2025 10:30 WIB",detikSulsel,makan bergizi gratis
Menteri PU Minta ke Erick Agar CSR 3 BUMN Karya Bangun Dapur MBG,https://finance.detik.com/infrastruktur/d-7933171/menteri-pu-minta-ke-erick-agar-csr-3-bumn-karya-bangun-dapur-mbg,Menteri PU Dody Hanggodo meminta bantuan tiga BUMN Karya untuk membangun prototipe Satuan Pelayanan Pemenuhan Gizi (SPPG) atau dapur Makan Bergizi Gratis (MBG).,"Senin, 26 Mei  2025 14:20 WIB",detikFinance,makan bergizi gratis
Kepala BPOM Curhat Tak Dilibatkan Awasi Dapur Makan Bergizi Gratis,https://news.detik.com/berita/d-7915733/kepala-bpom-curhat-tak-dilibatkan-awasi-dapur-makan-bergizi-gratis,BPOM menyebut tak dilibatkan untuk mengawasi dapur-dapur MBG. BPOM baru dilibatkan secara penuh setelah kejadian luar biasa kasus keracunan siswa.,"Kamis, 15 Mei  2025 16:35 WIB",detikNews,makan bergizi gratis
PM Australia Albanese Puji Program Makan Bergizi Gratis Gagasan Prabowo,https://news.detik.com/berita/d-7915928/pm-australia-albanese-puji-program-makan-bergizi-gratis-gagasan-prabowo,"PM Albanese mengapresiasi program-program pembangunan yang meningkatkan kualitas hidup masyarakat Indonesia, salah satunya seperti program Makan Bergizi Gratis.","Kamis, 15 Mei  2025 17:48 WIB",detikNews,makan bergizi gratis
Video: BPOM Bakal Siapkan Alat Pendeteksi Makanan Beracun di SPPG,https://20.detik.com/detikupdate/20250522-250522123/video-bpom-bakal-siapkan-alat-pendeteksi-makanan-beracun-di-sppg,,"Kamis, 22 Mei  2025 17:00 WIB",20Detik,makan bergizi gratis
Daycare 'Tamasya' Kemendukbangga Akan Dapat Program Makan Bergizi Gratis,https://news.detik.com/berita/d-7915673/daycare-tamasya-kemendukbangga-akan-dapat-program-makan-bergizi-gratis,Kemendukbangga meresmikan program daycare Taman Asuh Sayang Anak (Tamasya). Program Tamasya ini untuk mempercepat pencapaian target-target prioritas.,"Kamis, 15 Mei  2025 16:04 WIB",detikNews,makan bergizi gratis
Langkah BGN Kawal Ketat Program Makan Bergizi Gratis,https://finance.detik.com/berita-ekonomi-bisnis/d-7914813/langkah-bgn-kawal-ketat-program-makan-bergizi-gratis,Kepala BGN Dadan Hindayana mengatakan kejadian keracunan di Bogor menjadi peringatan besar bagi BGN yang berencana memperluas program MBG di sekolah-sekolah.,"Kamis, 15 Mei  2025 08:40 WIB",detikFinance,makan bergizi gratis
"Cegah Kontaminasi, Distribusi Makan Bergizi Gratis Bakal Dikebut",https://www.detik.com/jabar/berita/d-7915373/cegah-kontaminasi-distribusi-makan-bergizi-gratis-bakal-dikebut,Kasus keracunan massal di sekolah akibat Makan Bergizi Gratis (MBG) melibatkan 223 pelajar di Bogor. Pemerintah berkomitmen perbaiki pengawasan dan distribusi.,"Kamis, 15 Mei  2025 16:30 WIB",detikJabar,makan bergizi gratis
BGN Minta Tambahan Rp 50 Triliun untuk Makan Bergizi Gratis 2025,https://finance.detik.com/foto-bisnis/d-7902017/bgn-minta-tambahan-rp-50-triliun-untuk-makan-bergizi-gratis-2025,,"Selasa, 06 Mei  2025 15:00 WIB",Foto Bisnis,makan bergizi gratis
Napi Lapas Ikut Jadi Kru Dapur Program Makan Bergizi Gratis,https://www.detik.com/bali/berita/d-7919990/napi-lapas-ikut-jadi-kru-dapur-program-makan-bergizi-gratis,Warga binaan Lapas Sukamiskin diberdayakan sebagai kru dapur Program Makan Bergizi Gratis. Mereka dilatih dan tersertifikasi untuk meningkatkan keterampilan.,"Minggu, 18 Mei  2025 16:38 WIB",detikBali,makan bergizi gratis
"Serangga Masuk Menu Makan Bergizi Gratis, Mungkinkah?",https://news.detik.com/kolom/d-7771753/serangga-masuk-menu-makan-bergizi-gratis-mungkinkah,Kepala Badan Gizi Nasional Dadan Hindayana mengusulkan serangga dapat dijadikan sumber protein alternatif dalam program Makan Bergizi Gratis.,"Senin, 10 Feb 2025 16:27 WIB",detikNews,makan bergizi gratis
Mendag RI-Selandia Baru Bahas Kerja Sama untuk Makan Bergizi Gratis,https://finance.detik.com/berita-ekonomi-bisnis/d-7918301/mendag-ri-selandia-baru-bahas-kerja-sama-untuk-makan-bergizi-gratis,Indonesia dan Selandia Baru membahas kerja sama di bidang pertanian dan hortikultura untuk mendukung program prioritas Indonesia Makan Bergizi Gratis (MBG).,"Sabtu, 17 Mei  2025 14:30 WIB",detikFinance,makan bergizi gratis
Ombudsman Temukan 'Calo-calo Yayasan' Terkait Makan Bergizi Gratis,https://news.detik.com/berita/d-7913498/ombudsman-temukan-calo-calo-yayasan-terkait-makan-bergizi-gratis,Anggota Ombudsman RI Yeka Hendra Fatika melakukan pertemuan dengan Kepala BGN Dadan Hidayana. Pertemuan itu membahas pengawasan program makan bergizi gratis.,"Rabu, 14 Mei  2025 12:36 WIB",detikNews,makan bergizi gratis
"Okupansi Jeblok gegara Efisiensi, Pengusaha Hotel di Jateng Menjerit",https://travel.detik.com/travel-news/d-7934985/okupansi-jeblok-gegara-efisiensi-pengusaha-hotel-di-jateng-menjerit,Anjloknya tingkat okupansi hotel di Jawa Tengah akibat efisiensi pemerintah membuat pengusaha hotel di sana menjerit.,24 menit yang lalu,detikTravel,efisiensi anggaran
"Pemerintah Hemat Anggaran, Hotel Kian Terpuruk! Ini 5 Tuntutan PHRI Jakarta",https://travel.detik.com/travel-news/d-7934326/pemerintah-hemat-anggaran-hotel-kian-terpuruk-ini-5-tuntutan-phri-jakarta,Industri perhotelan bergoyang keras karena efisiensi anggaran pemerintah. Hotel-hotel memohon keras agar usulan mereka didengar.,8 jam yang lalu,detikTravel,efisiensi anggaran
DPR RI Dukung Efisiensi Anggaran Tahun 2026: Selama Baik untuk Rakyat,https://news.detik.com/berita/d-7932062/dpr-ri-dukung-efisiensi-anggaran-tahun-2026-selama-baik-untuk-rakyat,Ketua DPR RI Puan Maharani mendukung efisiensi anggaran dalam penyusunan APBN 2026 selama yang baik untuk rakyat.,"Minggu, 25 Mei  2025 19:19 WIB",detikNews,efisiensi anggaran
Video CT Setuju soal Efisiensi Anggaran: Asal Kantong Rakyat Tebal,https://20.detik.com/detikupdate/20250413-250413079/video-ct-setuju-soal-efisiensi-anggaran-asal-kantong-rakyat-tebal,,"Minggu, 13 Apr 2025 15:21 WIB",20Detik,efisiensi anggaran
"MICE Terdampak Efisiensi Anggaran, Kemenpar Dorong Pelaku Usaha Berinovasi",https://www.detik.com/bali/nusra/d-7928339/mice-terdampak-efisiensi-anggaran-kemenpar-dorong-pelaku-usaha-berinovasi,Kemenpar mendorong pelaku pariwisata dan penyedia fasilitas MICE berinovasi di tengah kebijakan efisiensi anggaran yang dilakukan oleh pemerintah.,"Jumat, 23 Mei  2025 12:23 WIB",detikBali,efisiensi anggaran
BPJN Sambat Rob di Pantura Demak Bikin Jalan Cepat Rusak: Beban Anggaran,https://www.detik.com/jateng/berita/d-7934894/bpjn-sambat-rob-di-pantura-demak-bikin-jalan-cepat-rusak-beban-anggaran,Banjir rob yang saban tahun merendam Jalan Pantura terutama di ruas Sayung-Demak kembali menjadi sorotan. BPJN mengungkap kerugian imbas rob berulang itu.,2 jam yang lalu,detikJateng,efisiensi anggaran
Efisiensi Anggaran Dipastikan Lanjut Tahun 2026,https://finance.detik.com/berita-ekonomi-bisnis/d-7922887/efisiensi-anggaran-dipastikan-lanjut-tahun-2026,Menteri Keuangan Sri Mulyani memastikan efisiensi anggaran dalam APBN 2026.,"Selasa, 20 Mei  2025 13:47 WIB",detikFinance,efisiensi anggaran
Menteri KKP-Komisi IV DPR Bahas Efisiensi Anggaran,https://news.detik.com/foto-news/d-7880946/menteri-kkp-komisi-iv-dpr-bahas-efisiensi-anggaran,,"Selasa, 22 Apr 2025 21:30 WIB",Foto News,efisiensi anggaran
Efisiensi Anggaran Jangan Korbankan Masyarakat,https://news.detik.com/kolom/d-7787438/efisiensi-anggaran-jangan-korbankan-masyarakat,"fisiensi anggaran bukan sekadar angka, melainkan berhubungan dengan kesejahteraan masyarakat yang tidak hanya berdampak temporar tetapi jangka panjang.","Kamis, 20 Feb 2025 16:20 WIB",detikNews,efisiensi anggaran
Menyiasati Efisiensi Anggaran Kampus,https://news.detik.com/kolom/d-7804422/menyiasati-efisiensi-anggaran-kampus,Mungkinkah penghematan anggaran kampus bisa berjalan dengan baik tanpa menaikkan UKT?,"Selasa, 04 Mar 2025 11:38 WIB",detikNews,efisiensi anggaran
Isu-Isu yang Terpinggirkan dalam Efisiensi Anggaran,https://news.detik.com/kolom/d-7817792/isu-isu-yang-terpinggirkan-dalam-efisiensi-anggaran,Efisiensi anggaran seyogianya perlu diiringi dengan perbaikan kesejahteraan PNS secara sistematis dan bertahap.,"Rabu, 12 Mar 2025 15:02 WIB",detikNews,efisiensi anggaran
Efisiensi Anggaran dan Pembangunan Kebudayaan,https://news.detik.com/kolom/d-7781995/efisiensi-anggaran-dan-pembangunan-kebudayaan,"Kebijakan efisiensi anggaran, terutama terkait kebudayaan, mengungkap dualitas antara retorika (politis) dan realitas (kultural).","Senin, 17 Feb 2025 12:37 WIB",detikNews,efisiensi anggaran
"Tak Cuma Efisiensi, Ini yang Bikin Hotel-Hotel Gigit Jari",https://travel.detik.com/travel-news/d-7933730/tak-cuma-efisiensi-ini-yang-bikin-hotel-hotel-gigit-jari,"Perhimpunan Hotel dan Restoran Indonesia mengaku kesulitan di tengah gempuran efisiensi. Tapi tak cuma itu, pemicu lain juga ada.",20 jam yang lalu,detikTravel,efisiensi anggaran
"Efisiensi Anggaran, Keberlanjutan Fiskal, dan Perekonomian Daerah",https://news.detik.com/kolom/d-7793236/efisiensi-anggaran-keberlanjutan-fiskal-dan-perekonomian-daerah,Pemotongan anggaran yang tidak terukur bisa menjadi bumerang bagi daerah yang bergantung pada dana transfer pusat.,"Selasa, 25 Feb 2025 11:15 WIB",detikNews,efisiensi anggaran
Menjaga Kinerja Pemerintah Daerah Pasca Efisiensi Anggaran,https://news.detik.com/kolom/d-7804354/menjaga-kinerja-pemerintah-daerah-pasca-efisiensi-anggaran,"Jika dilakukan efisiensi, mampukah pemerintah daerah mewujudkan janji politik kepala daerah?","Selasa, 04 Mar 2025 10:20 WIB",detikNews,efisiensi anggaran
"Video: Terkena Efisiensi Anggaran, BPOM Fokus Tingkatkan Pelayanan Publik",https://20.detik.com/detikupdate/20250317-250317102/video-terkena-efisiensi-anggaran-bpom-fokus-tingkatkan-pelayanan-publik,,"Senin, 17 Mar 2025 18:05 WIB",20Detik,efisiensi anggaran
Efisiensi Anggaran dan Kualitas Kerja Pemerintah,https://news.detik.com/kolom/d-7774635/efisiensi-anggaran-dan-kualitas-kerja-pemerintah,Skala pemangkasan anggaran yang drastis ini menimbulkan tanda tanya tentang dampaknya pada kinerja pemerintahan.,"Rabu, 12 Feb 2025 13:15 WIB",detikNews,efisiensi anggaran
Bos Kadin Respons Keputusan Prabowo Efisiensi Anggaran,https://finance.detik.com/berita-ekonomi-bisnis/d-7786339/bos-kadin-respons-keputusan-prabowo-efisiensi-anggaran,Ketua Umum Kamar Dagang dan Industri (Kadin) Indonesia Anindya Novyan Bakrie angkat bicara mengenai dampak efisiensi anggaran belanja pemerintah.,"Rabu, 19 Feb 2025 20:15 WIB",detikFinance,efisiensi anggaran
Efisiensi Anggaran Jangan Sampai Ganggu Pelayanan Publik,https://finance.detik.com/berita-ekonomi-bisnis/d-7748659/efisiensi-anggaran-jangan-sampai-ganggu-pelayanan-publik,"Prabowo berencana menghemat anggaran Rp 306,69 triliun. Ekonom Rizal Taufikurohman sarankan pemangkasan belanja tidak produktif dan transparansi anggaran.","Jumat, 24 Jan 2025 20:30 WIB",detikFinance,efisiensi anggaran
LDII Imbau Masyarakat Hidup Sederhana,https://news.detik.com/foto-news/d-7818572/ldii-imbau-masyarakat-hidup-sederhana,,"Selasa, 11 Mar 2025 20:45 WIB",Foto News,efisiensi anggaran
Erick Thohir Buka Suara soal Efisiensi Anggaran,https://finance.detik.com/berita-ekonomi-bisnis/d-7785643/erick-thohir-buka-suara-soal-efisiensi-anggaran,"Menteri BUMN Erick Thohir buka suara merespons efisiensi anggaran. Sebagai informasi, anggaran Kementerian BUMN dipangkas sebesar Rp 215 miliar","Rabu, 19 Feb 2025 14:22 WIB",detikFinance,efisiensi anggaran
"Pemerintah Efisiensi-Anggaran Dipangkas, Pengamat: Saatnya Pembuktian!",https://travel.detik.com/travel-news/d-7778330/pemerintah-efisiensi-anggaran-dipangkas-pengamat-saatnya-pembuktian,"Pemerintah Prabowo-Gibran melakukan efisiensi besar-besaran. Anggaran dipangkas, termasuk pariwisata. Menurut pengamat, kini saatnya justru pembuktian.","Jumat, 14 Feb 2025 15:05 WIB",detikTravel,efisiensi anggaran
Video: Langkah Direktorat Minatsaintek Atasi Efisiensi Anggaran,https://20.detik.com/detikupdate/20250219-250219055/video-langkah-direktorat-minatsaintek-atasi-efisiensi-anggaran-,"Kemendiktisaintek mengungkap bahwa direktoratnya mengalami pemangkasan anggaran secara signifikan. Untuk memaksimalkan anggaran, mereka membuka ruang kerja sama","Rabu, 19 Feb 2025 07:30 WIB",detikEdu,efisiensi anggaran
Strategi Pengawasan Kelautan dan Perikanan di Tengah Efisiensi Anggaran,https://news.detik.com/kolom/d-7804565/strategi-pengawasan-kelautan-dan-perikanan-di-tengah-efisiensi-anggaran,"Alih-alih hanya mengandalkan patroli rutin, Indonesia harus mengadopsi strategi out of the box yang memaksimalkan efisiensi sumber daya yang tersedia.","Rabu, 05 Mar 2025 10:26 WIB",detikNews,efisiensi anggaran
Kapan Idul Adha Muhammadiyah 2025? Ini Tanggalnya,https://www.detik.com/hikmah/khazanah/d-7934973/kapan-idul-adha-muhammadiyah-2025-ini-tanggalnya,PP Muhammadiyah menetapkan Idul Adha 2025 jatuh pada 6 Juni. Penetapan berdasarkan hisab astronomi.,44 menit yang lalu,detikHikmah,CPNS 2025
UAD Jadi Penerima Hibah Penelitian Terbanyak Kemendikti Saintek 2025,https://www.detik.com/jogja/jogja-kerta/d-7935297/uad-jadi-penerima-hibah-penelitian-terbanyak-kemendikti-saintek-2025,Universitas Ahmad Dahlan sukses pertahankan posisi sebagai perguruan tinggi swasta penerima hibah penelitian terbanyak dari DPPM Kemendikti Saintek tahun 2025.,7 menit yang lalu,detikJogja,CPNS 2025
"Klasemen Pebalap Usai MotoGP Inggris 2025, Bezzecchi Melesat",https://oto.detik.com/otosport/d-7935082/klasemen-pebalap-usai-motogp-inggris-2025-bezzecchi-melesat,Marco Bezzecchi yang menjuarai MotoGP Inggris 2025 berhasil melesat naik tiga tingkat di klasemen sementara MotoGP 2025.,1 jam yang lalu,detikOto,CPNS 2025
"Niat Puasa Dzulhijjah, Tarwiyah, dan Arafah 2025 Lengkap Arab-Latinnya",https://www.detik.com/sulsel/berita/d-7935130/niat-puasa-dzulhijjah-tarwiyah-dan-arafah-2025-lengkap-arab-latinnya,"Umat muslim dianjurkan melaksankan puasa sunnah sebelum Idul Adha 2025. Simak di sini niat puasa Dulhijjah, Tarwiyah, dan Arafah selengkapnya!",59 menit yang lalu,detikSulsel,CPNS 2025
"Ada Cuti Bersama Kenaikan Yesus Kristus 2025, Ini Tanggalnya!",https://news.detik.com/berita/d-7934969/ada-cuti-bersama-kenaikan-yesus-kristus-2025-ini-tanggalnya,"Long weekend minggu ini mencakup libur nasional dan cuti bersama Kenaikan Yesus Kristus 2025 beserta libur akhir pekan. Supaya tidak salah tanggal, cek infonya!",2 jam yang lalu,detikNews,CPNS 2025
MotoGP 2025: Bastianini Merasa Dirinya Rider Terjelek di Trek,https://sport.detik.com/moto-gp/d-7934837/motogp-2025-bastianini-merasa-dirinya-rider-terjelek-di-trek,"Rider KTM Tech3, Enea Bastianini, tak kunjung menunjukkan performa terbaik. Dia merasa menjadi pebalap terburuk di trek MotoGP saat ini.",1 jam yang lalu,detikSport,CPNS 2025
Sidang Isbat Idul Adha 2025 Jam Berapa? Ini Jadwalnya,https://www.detik.com/hikmah/khazanah/d-7934910/sidang-isbat-idul-adha-2025-jam-berapa-ini-jadwalnya,Sidang isbat Idul Adha 2025 akan dilaksanakan pada Selasa sore. Kapan jam pastinya?,2 jam yang lalu,detikHikmah,CPNS 2025
"Pendaftaran CPNS 2025, Begini Cara Bikin Akun di sscasn.bkn.go.id",https://www.detik.com/jatim/berita/d-7860607/pendaftaran-cpns-2025-begini-cara-bikin-akun-di-sscasn-bkn-go-id,Pendaftaran CPNS 2025 segera dibuka! Siapkan dokumen dan buat akun di SSCASN untuk mengikuti seleksi. Dapatkan informasi lengkapnya di sini,"Rabu, 09 Apr 2025 13:30 WIB",detikJatim,CPNS 2025
Kapan Pendaftaran CPNS 2025 Dibuka? Simak Informasinya di Sini,https://www.detik.com/edu/detikpedia/d-7808927/kapan-pendaftaran-cpns-2025-dibuka-simak-informasinya-di-sini,Menteri PAN-RB sebut peluang dibukanya CPNS 2025 di Kementerian/Lembaga. Ada berapa lowongan?,"Kamis, 06 Mar 2025 08:30 WIB",detikEdu,CPNS 2025
"Embarkasi Palembang Sisakan 2 Kloter, Terakhir Terbang 29 Mei 2025",https://www.detik.com/sumbagsel/berita/d-7934680/embarkasi-palembang-sisakan-2-kloter-terakhir-terbang-29-mei-2025,Dua kloter Embarkasi Palembang yang belum berangkat ke Tanah Suci ada 2 kloter yakni sebanyak 740 jemaah haji dengan 8 di antaranya petugas kloter.,3 jam yang lalu,detikSumbagsel,CPNS 2025
"Embarkasi Palembang Sisakan 2 Kloter, Terakhir Terbang 29 Mei 2025",https://www.detik.com/sumbagsel/berita/d-7934680/embarkasi-palembang-sisakan-2-kloter-terakhir-terbang-29-mei-2025,Dua kloter Embarkasi Palembang yang belum berangkat ke Tanah Suci ada 2 kloter yakni sebanyak 740 jemaah haji dengan 8 di antaranya petugas kloter.,3 jam yang lalu,detikSumbagsel,CPNS 2025
Cuti Bersama Idul Adha 2025 Tanggal Berapa Saja? Simak Informasinya!,https://www.detik.com/jateng/berita/d-7934868/cuti-bersama-idul-adha-2025-tanggal-berapa-saja-simak-informasinya,"Cuti bersama Idul Adha 2025 tanggal berapa saja? Yuk, simak informasi lengkapnya untuk rencanakan liburan!",2 jam yang lalu,detikJateng,CPNS 2025
"Niat-Jadwal Puasa Dzulhijjah, Tarwiyah, dan Arafah 2025, Yuk Amalkan!",https://www.detik.com/sulsel/berita/d-7934888/niat-jadwal-puasa-dzulhijjah-tarwiyah-dan-arafah-2025-yuk-amalkan,"Bulan Dzulhijjah adalah waktu mulia untuk berpuasa. Pelajari jenis puasa, jadwal, dan niat puasa Dzulhijjah 2025 untuk meraih keutamaan ibadah.",2 jam yang lalu,detikSulsel,CPNS 2025
Panitia SNPMB: Mahasiswa Penjoki UTBK 2025 Resmi Dikeluarkan dari Kampus,https://www.detik.com/edu/seleksi-masuk-pt/d-7934818/panitia-snpmb-mahasiswa-penjoki-utbk-2025-resmi-dikeluarkan-dari-kampus,"Beberapa waktu lalu, ramai kasus mahasiswa aktif melakukan praktek perjokian UTBK SNBT 2025. Bagaimana nasib mahasiswa tersebut sekarang?",2 jam yang lalu,detikEdu,CPNS 2025
"Info Lengkap CPNS 2025, Kapan Pendaftaran Dibuka?",https://www.detik.com/jatim/berita/d-7733496/info-lengkap-cpns-2025-kapan-pendaftaran-dibuka,Pendaftaran CPNS 2025 dibuka setelah persetujuan presiden. Siapkan dokumen dan syarat pendaftaran untuk peluang karier di pelayanan publik.,"Rabu, 15 Jan 2025 15:15 WIB",detikJatim,CPNS 2025
"Prediksi Formasi CPNS 2025 Buat Lulusan SMA, Lengkap dengan Gajinya",https://www.detik.com/edu/detikpedia/d-7758825/prediksi-formasi-cpns-2025-buat-lulusan-sma-lengkap-dengan-gajinya,Cek prediksi formasi CPNS 2025 buat lulusan SMA berdasarkan formasi tahun lalu. Lengkap dengan besaran gajinya.,"Minggu, 02 Feb 2025 09:00 WIB",detikEdu,CPNS 2025
"Seleksi CPNS 2025 Siap Dibuka, Ini Perkiraan Jadwal Pendaftarannya",https://www.detik.com/edu/detikpedia/d-7745862/seleksi-cpns-2025-siap-dibuka-ini-perkiraan-jadwal-pendaftarannya,MenPAN-RB telah memastikan seleksi CPNS 2025 akan kembali diadakan. Berikut ini perkiraan kapan dimulai pendaftarannya.,"Kamis, 23 Jan 2025 11:30 WIB",detikEdu,CPNS 2025
"Cara Download Sertifikat SKD untuk CPNS 2025, Ikuti Langkah Ini!",https://www.detik.com/sumbagsel/berita/d-7702318/cara-download-sertifikat-skd-untuk-cpns-2025-ikuti-langkah-ini,"Nilai SKD 2024 dimuat dalam sertifikat resmi BKN. Berikut panduan download sertifikat SKD untuk daftar CPNS 2025, ini tautannya.","Rabu, 25 Des 2024 06:30 WIB",detikSumbagsel,CPNS 2025
"Informasi CPNS 2025: Jadwal Pendaftaran, Formasi, dan Syaratnya",https://www.detik.com/jateng/bisnis/d-7742332/informasi-cpns-2025-jadwal-pendaftaran-formasi-dan-syaratnya,Berakhirnya seleksi CPNS 2024 membuat masyarakat menantikan adanya rekrutmen CPNS 2025. Berikut rangkuman informasi seputar CPNS 2025 yang menarik diketahui.,"Selasa, 21 Jan 2025 11:50 WIB",detikJateng,CPNS 2025
Selamat! 253.421 Peserta Lolos UTBK SNBT 2025,https://www.detik.com/edu/seleksi-masuk-pt/d-7934536/selamat-253-421-peserta-lolos-utbk-snbt-2025,Sebanyak 253.421 peserta lolos UTBK SNBT 2025. Pengumuman resmi akan disampaikan pada 28 Mei 2025. Daya tampung total mencapai 284.380 kursi.,5 jam yang lalu,detikEdu,CPNS 2025
Wamensos Ungkap Penyebab Beda Standar Kemiskinan BPS dengan World Bank,https://www.detik.com/jateng/bisnis/d-7906226/wamensos-ungkap-penyebab-beda-standar-kemiskinan-bps-dengan-world-bank,Data BPS mengenai standar kemiskinan berbeda dari yang dikeluarkan Bank Dunia. Wakil Menteri Sosial Agus Jabo Priyono memberi penjelasan.,"Kamis, 08 Mei  2025 18:59 WIB",detikJateng,kemiskinan world bank
"Lahir Miskin, Hidup Susah, Kini Berharta Rp 185 Triliun",https://finance.detik.com/sosok/d-7934578/lahir-miskin-hidup-susah-kini-berharta-rp-185-triliun,"David Steward, miliarder dunia, lahir dari keluarga miskin. Dari pemulung menjadi pendiri World Wide Technology, ia membuktikan kesuksesan tak mengenal batas.",5 jam yang lalu,detikFinance,kemiskinan world bank
Luhut Buka-bukaan Kritik World Bank di Balik Lahirnya Coretax,https://finance.detik.com/berita-ekonomi-bisnis/d-7725151/luhut-buka-bukaan-kritik-world-bank-di-balik-lahirnya-coretax,"""World Bank itu mengkritik kita bahwa kita salah satu negara yang meng-collect pajaknya tidak baik, kita disamakan dengan Nigeria,"" kata Luhut.","Jumat, 10 Jan 2025 07:30 WIB",detikFinance,kemiskinan world bank
Fahri Hamzah Sebut World Bank Siap Investasi Rp 16 T buat Renovasi Rumah RI,https://www.detik.com/properti/berita/d-7880138/fahri-hamzah-sebut-world-bank-siap-investasi-rp-16-t-buat-renovasi-rumah-ri,Pemerintah mendorong renovasi rumah tidak layak huni. Wakil Menteri PKP Fahri Hamzah mengatakan World Bank siap berikan US$ 1 miliar untuk proyek ini.,"Selasa, 22 Apr 2025 13:15 WIB",detikProperti,kemiskinan world bank
Bank Sumsel Babel Perkuat Komitmen Sosial Turunkan Kemiskinan Ekstrem,https://www.detik.com/sumbagsel/bisnis/d-7565484/bank-sumsel-babel-perkuat-komitmen-sosial-turunkan-kemiskinan-ekstrem,Bank Sumsel Babel memberikan 1.000 paket sembako untuk masyarakat Sumsel. Inisiatif ini bertujuan mengatasi kemiskinan ekstrem dan menjawab tantangan ekonomi.,"Senin, 30 Sep 2024 18:34 WIB",detikSumbagsel,kemiskinan world bank
"Di Forum World Bank, Bappenas Ungkap Cara RI Lacak Anggaran",https://finance.detik.com/berita-ekonomi-bisnis/d-7905165/di-forum-world-bank-bappenas-ungkap-cara-ri-lacak-anggaran,"""Bappenas akan melakukan budget tagging untuk memastikan apakah program-program prioritas yang harus didanai,"" kata Amich.","Kamis, 08 Mei  2025 11:10 WIB",detikFinance,kemiskinan world bank
"Luhut Tersinggung World Bank Sebut Pajak RI Jelek, Disamakan dengan Nigeria",https://finance.detik.com/berita-ekonomi-bisnis/d-7733177/luhut-tersinggung-world-bank-sebut-pajak-ri-jelek-disamakan-dengan-nigeria,"""Dia kasih presentasi, mengatakan Indonesia salah satu negara yang mengoleksi pajaknya paling jelek. Kita disamakan sama Nigeria ya waktu itu,"" kata Luhut.","Rabu, 15 Jan 2025 11:29 WIB",detikFinance,kemiskinan world bank
Luhut Ungkap World Bank Kritik Cara RI Pungut Pajak hingga Muncul Coretax,https://finance.detik.com/berita-ekonomi-bisnis/d-7724458/luhut-ungkap-world-bank-kritik-cara-ri-pungut-pajak-hingga-muncul-coretax,"Coretax hadir dipicu oleh momen briefing Indonesia dengan World Bank pada waktu lampau. Pada kala itu, World Bank mengkritisi cara Indonesia menghimpun pajak.","Kamis, 09 Jan 2025 11:59 WIB",detikFinance,kemiskinan world bank
"Komunikasi Menkes Jadi Sorotan, Niatnya Baik Malah Jadi Polemik",https://health.detik.com/berita-detikhealth/d-7934289/komunikasi-menkes-jadi-sorotan-niatnya-baik-malah-jadi-polemik,"Sejumlah pernyataan Menkes RI Budi Gunadi Sadikin belakangan memicu kegaduhan. Maksudnya sih baik, tapi penyampaian yang kurang tepat justru membuahkan polemik.",8 jam yang lalu,detikHealth,kemiskinan world bank
Kementerian PKP Mau Gaet World Bank buat Program 3 Juta Rumah,https://www.detik.com/properti/berita/d-7687485/kementerian-pkp-mau-gaet-world-bank-buat-program-3-juta-rumah,Menteri PKP Maruarar Sirait bertemu delegasi World Bank untuk mencari peluang kerja sama dalam mewujudkan Program 3 Juta Rumah.,"Minggu, 15 Des 2024 16:00 WIB",detikProperti,kemiskinan world bank
"Kemenkeu, World Bank & Indonesia AID Gelar Seminar soal Middle-Income Trap",https://news.detik.com/berita/d-7557314/kemenkeu-world-bank-indonesia-aid-gelar-seminar-soal-middle-income-trap,Acara yang berlangsung selama dua hari ini menjadi momen peluncuran the World Development Report 2024 on Middle Income Trap (WDR24) untuk kawasan ASEAN.,"Rabu, 25 Sep 2024 13:07 WIB",detikNews,kemiskinan world bank
"Fahri Sebut World Bank cs Mau Kucurkan Rp 50 T buat 3 Juta Rumah, Bunga 0%!",https://www.detik.com/properti/berita/d-7903215/fahri-sebut-world-bank-cs-mau-kucurkan-rp-50-t-buat-3-juta-rumah-bunga-0,Pemerintah mendapat dukungan lembaga bank pembangunan multilateral sebesar Rp 50 triliun untuk membangun dan merenovasi rumah masyarakat.,"Rabu, 07 Mei  2025 10:16 WIB",detikProperti,kemiskinan world bank
"Penanganan Kemiskinan RI Dipuji Bank Dunia, Begini Datanya",https://finance.detik.com/berita-ekonomi-bisnis/d-7347567/penanganan-kemiskinan-ri-dipuji-bank-dunia-begini-datanya,"Penanganan kemiskinan di Indonesia dipuji Bank Dunia (World Bank), khususnya penanganan kategori kemiskinan ekstrem.","Minggu, 19 Mei  2024 13:30 WIB",detikFinance,kemiskinan world bank
"Diakui Bank Dunia, Jokowi Pamer RI Berhasil Tangani Kemiskinan Ekstrim!",https://finance.detik.com/berita-ekonomi-bisnis/d-7347340/diakui-bank-dunia-jokowi-pamer-ri-berhasil-tangani-kemiskinan-ekstrim,Presiden Joko Widodo (Jokowi) menyebutkan Indonesia telah berhasil melakukan penanganan kemiskinan ekstrim.,"Minggu, 19 Mei  2024 09:30 WIB",detikFinance,kemiskinan world bank
"Apresiasi Dukungan World Bank ke RI, AHY: Percepat Program Reforma Agraria",https://news.detik.com/berita/d-7522241/apresiasi-dukungan-world-bank-ke-ri-ahy-percepat-program-reforma-agraria,Menteri ATR/BPN Agus Harimurti Yudhoyono (AHY) membahas rencana kerja sama pemerintah Indonesia dengan World Bank.,"Selasa, 03 Sep 2024 14:29 WIB",detikNews,kemiskinan world bank
AHY Lanjutkan Kerja Sama dengan World Bank untuk Program Pendataan Tanah,https://news.detik.com/berita/d-7517481/ahy-lanjutkan-kerja-sama-dengan-world-bank-untuk-program-pendataan-tanah,AHY menilai kerja sama antara Kementerian ATR/BPN dengan World Bank perlu dilanjutkan.,"Jumat, 30 Agu 2024 22:04 WIB",detikNews,kemiskinan world bank
World Bank Apresiasi Pertumbuhan Ekonomi RI yang Stabil di Atas 5 Persen,https://20.detik.com/detikupdate/20240726-240726045/world-bank-apresiasi-pertumbuhan-ekonomi-ri-yang-stabil-di-atas-5-persen,Airlangga Hartarto menjelaskan soal pertemuan delegasi antara Jokowi dengan World Bank. World Bank mengapresiasi pertumbuhan ekonomi RI yang stabil.,"Jumat, 26 Jul 2024 04:04 WIB",detikFinance,kemiskinan world bank
Koperasi Desa Merah Putih Bakal Libatkan Danantara,https://finance.detik.com/berita-ekonomi-bisnis/d-7931731/koperasi-desa-merah-putih-bakal-libatkan-danantara,Program Koperasi Desa Merah Putih melibatkan Danantara untuk mendukung Public Service Obligation.,"Minggu, 25 Mei  2025 19:00 WIB",detikFinance,kemiskinan world bank
Saat Jokowi Pamer Penanganan Kemiskinan Ekstrem RI Diacungi Jempol Bank Dunia,https://finance.detik.com/berita-ekonomi-bisnis/d-7348312/saat-jokowi-pamer-penanganan-kemiskinan-ekstrem-ri-diacungi-jempol-bank-dunia,Pemerintah Indonesia yang saat ini dipimpin Presiden Joko Widodo (Jokowi) dinilai telah berhasil menekan kemiskinan ekstrem dengan baik.,"Senin, 20 Mei  2024 06:56 WIB",detikFinance,kemiskinan world bank
"AHY Bertemu Petinggi World Bank, Bahas Masalah Pertanahan",https://finance.detik.com/infrastruktur/d-7254396/ahy-bertemu-petinggi-world-bank-bahas-masalah-pertanahan,Menteri ATR Agus Harimurti Yudhoyono (AHY) melakukan pertemuan dengan beberapa perwakilan World Bank di kantornya.,"Kamis, 21 Mar 2024 17:36 WIB",detikFinance,kemiskinan world bank
